{"balance": 0, "profit": -0.53, "equity": -0.53, "margin": 2.03, "margin_free": -2.5599999999999996, "margin_level": -26.108374384236456}