{"balance": 100, "profit": -11.76, "equity": 88.24, "margin": 88.87000000000005, "margin_free": -0.6300000000000523, "margin_level": 99.29109935861365}